Full-time Faculty Rate (%),Faculty's average salary per month,Mean Earnings (6 Yrs after Entry),Mean Earnings (10 Yrs after Entry)
100.0,27570.0,99600.0,153600.0
1.05,588.0,20900.0,26100.0
65.06224177071509,7621.107832009081,39753.42126957956,51170.65127782358
