SAT Average Overall,Mean Earnings (10 Yrs after Entry)
1555.0,153600.0
712.0,26100.0
1064.7617477328936,51170.65127782358
